,epoch,boundary,class,AP{.50:.95:.05},AP{.50},AP{.75},AR{.50:.95:.05},AR{.50},AR{.75}
0,0,box,1,0.5782709183292636,0.7719144394059916,0.591287287468557,0.07579675543311908,0.1062809917355372,0.07678236914600552
1,0,mask,1,0.5414882553553265,0.7655376670977513,0.5350843409996138,0.06735004364633994,0.10288439955106625,0.0640628507295174
2,0,box,2,0.6043257810841971,0.7587219569114763,0.6263903223960265,0.3465154913876314,0.46019087238468126,0.34809984093967944
3,0,mask,2,0.5233155781051387,0.7613144553168227,0.5550166481276816,0.29114869626497536,0.45502300708867055,0.2934585250590722
4,0,box,3,0.963542039054502,0.9696695995238349,0.9660770423579353,0.08725130088766453,0.08997245179063362,0.08955922865013775
5,0,mask,3,0.9003358435240276,0.9665580238570725,0.9607403488668587,0.07864013266998342,0.09001356852103122,0.08344640434192672
